{
  "HTTP Request-1" : {
    "transaction" : "HTTP Request-1",
    "sampleCount" : 1000,
    "errorCount" : 2,
    "errorPct" : 0.2,
    "meanResTime" : 2466.8470000000048,
    "medianResTime" : 1867.0,
    "minResTime" : 0.0,
    "maxResTime" : 36332.0,
    "pct1ResTime" : 4130.2,
    "pct2ResTime" : 5980.2999999999965,
    "pct3ResTime" : 9703.010000000002,
    "throughput" : 7.551957467375543,
    "receivedKBytesPerSec" : 742.9112489238461,
    "sentKBytesPerSec" : 0.9641873196970155
  },
  "Total" : {
    "transaction" : "Total",
    "sampleCount" : 3000,
    "errorCount" : 4,
    "errorPct" : 0.13333334,
    "meanResTime" : 12727.060666666679,
    "medianResTime" : 11289.0,
    "minResTime" : 0.0,
    "maxResTime" : 132530.0,
    "pct1ResTime" : 26011.4,
    "pct2ResTime" : 27984.599999999995,
    "pct3ResTime" : 31714.789999999994,
    "throughput" : 22.3830485712154,
    "receivedKBytesPerSec" : 1476.323747481907,
    "sentKBytesPerSec" : 3.828696234052078
  },
  "HTTP Request-0" : {
    "transaction" : "HTTP Request-0",
    "sampleCount" : 1000,
    "errorCount" : 0,
    "errorPct" : 0.0,
    "meanResTime" : 16623.27400000001,
    "medianResTime" : 15569.0,
    "minResTime" : 1066.0,
    "maxResTime" : 130481.0,
    "pct1ResTime" : 26115.1,
    "pct2ResTime" : 27412.349999999995,
    "pct3ResTime" : 72406.76000000037,
    "throughput" : 7.576848182692964,
    "receivedKBytesPerSec" : 4.261977102764792,
    "sentKBytesPerSec" : 0.9767030860502649
  },
  "HTTP Request" : {
    "transaction" : "HTTP Request",
    "sampleCount" : 1000,
    "errorCount" : 2,
    "errorPct" : 0.2,
    "meanResTime" : 19091.060999999987,
    "medianResTime" : 18443.5,
    "minResTime" : 3718.0,
    "maxResTime" : 132530.0,
    "pct1ResTime" : 28380.3,
    "pct2ResTime" : 29636.45,
    "pct3ResTime" : 75162.48000000013,
    "throughput" : 7.461016190405133,
    "receivedKBytesPerSec" : 738.1618737409535,
    "sentKBytesPerSec" : 1.914348117026039
  }
}